{"Black Male": 0.5357467071357113, "Black Female": 0.602068481311201, "East Asian Male": 0.9913225331716722, "East Asian Female": 0.9913225331716722, "Indian Male": 1.0820062373518713, "Indian Female": 0.8432283926937296, "Latino_Hispanic Male": 2.1111762731251256, "Latino_Hispanic Female": 1.6672463278636118, "Middle Eastern Male": 1.117000385466487, "Middle Eastern Female": 1.3062284936876052, "Southeast Asian Male": 0.9756705553184819, "Southeast Asian Female": 1.0592880148207549, "White Male": 0.814647444575471, "White Female": 0.7996610760022301}