{"Black Male": 0.6384483168148695, "Black Female": 0.8186426658901876, "East Asian Male": 0.6282898276922579, "East Asian Female": 0.6470390789240694, "Indian Male": 1.2589480470625656, "Indian Female": 0.9870998488945681, "Latino_Hispanic Male": 1.7773409433418557, "Latino_Hispanic Female": 1.1744188964877775, "Middle Eastern Male": 0.8121037508984196, "Middle Eastern Female": 0.901340080180741, "Southeast Asian Male": 1.6758293008559428, "Southeast Asian Female": 1.71205378264525, "White Male": 0.9739940871931554, "White Female": 0.8869986634064446}