{"Black Male": 0.6106959450585359, "Black Female": 0.7103889636155952, "East Asian Male": 1.0310305302194145, "East Asian Female": 0.6430568045337574, "Indian Male": 0.9755409130923227, "Indian Female": 0.9436911134041212, "Latino_Hispanic Male": 2.471057887758196, "Latino_Hispanic Female": 1.272244166922252, "Middle Eastern Male": 0.8669417958346147, "Middle Eastern Female": 0.9506777662309585, "Southeast Asian Male": 0.7675959212671684, "Southeast Asian Female": 1.221662868783235, "White Male": 1.3595704398721478, "White Female": 1.1431945070099752}