{"Black Male": 0.6524085012303417, "Black Female": 0.6972648715719971, "East Asian Male": 0.7373190457227257, "East Asian Female": 0.6991219100041923, "Indian Male": 0.9619846667585548, "Indian Female": 0.80068997051262, "Latino_Hispanic Male": 1.9106929856381958, "Latino_Hispanic Female": 1.6245316009527855, "Middle Eastern Male": 0.7295162066086237, "Middle Eastern Female": 1.1135254140391304, "Southeast Asian Male": 1.445115558947546, "Southeast Asian Female": 1.5485879596033654, "White Male": 1.0391226995743965, "White Female": 0.9442397105248458}