{"Black Male": 1.3823491502352403, "Black Female": 3.000723934797428, "East Asian Male": 0.9272855197476674, "East Asian Female": 0.814914594813759, "Indian Male": 0.8847345257175326, "Indian Female": 0.8951856279916356, "Latino_Hispanic Male": 0.8641969398819528, "Latino_Hispanic Female": 0.7594712568086176, "Middle Eastern Male": 0.6913696915615293, "Middle Eastern Female": 0.7959977582337907, "Southeast Asian Male": 1.0551515957696311, "Southeast Asian Female": 1.0428329247619077, "White Male": 0.960536461094452, "White Female": 1.0551515957696311}