{"Black Male": 0.577214822424933, "Black Female": 0.695794939966269, "East Asian Male": 1.317674518092654, "East Asian Female": 0.9395666952376793, "Indian Male": 1.265746762524774, "Indian Female": 1.2274224134004492, "Latino_Hispanic Male": 0.9734971018237455, "Latino_Hispanic Female": 0.6779267385354285, "Middle Eastern Male": 1.547581167006444, "Middle Eastern Female": 1.562291185284409, "Southeast Asian Male": 1.4518466535659318, "Southeast Asian Female": 1.265746762524774, "White Male": 0.6699572335038356, "White Female": 0.6589570736970491}