{"Black Male": 0.49384993096587393, "Black Female": 0.5657613936635438, "East Asian Male": 0.930378910530844, "East Asian Female": 0.893751368814273, "Indian Male": 1.1693689636045126, "Indian Female": 0.8800509598029332, "Latino_Hispanic Male": 1.8760476856324544, "Latino_Hispanic Female": 1.5490075167480615, "Middle Eastern Male": 1.0366261270933, "Middle Eastern Female": 1.1129690466069395, "Southeast Asian Male": 1.5018817055716531, "Southeast Asian Female": 1.0658551030423717, "White Male": 0.8882457952941627, "White Female": 0.8773361835382077}