{"Black Male": 0.580165930304668, "Black Female": 0.5835155376476143, "East Asian Male": 0.8101473227208887, "East Asian Female": 0.711720428444464, "Indian Male": 1.0803740791335923, "Indian Female": 0.8705957441548978, "Latino_Hispanic Male": 1.7878946571422336, "Latino_Hispanic Female": 1.395832138329586, "Middle Eastern Male": 0.9601077877391452, "Middle Eastern Female": 1.717277599350309, "Southeast Asian Male": 1.2512074877686559, "Southeast Asian Female": 1.3368468907654396, "White Male": 0.9355544707536411, "White Female": 0.8458931816701964}