{"Black Male": 0.482840767997108, "Black Female": 0.6851448307569485, "East Asian Male": 1.4624096173217136, "East Asian Female": 1.3560926685745434, "Indian Male": 0.9077393078028212, "Indian Female": 0.6804597100357372, "Latino_Hispanic Male": 1.7301282262324948, "Latino_Hispanic Female": 1.3748309723200387, "Middle Eastern Male": 1.0341429268965372, "Middle Eastern Female": 1.1944278719096704, "Southeast Asian Male": 0.7594198252547907, "Southeast Asian Female": 0.8077959242969797, "White Male": 1.2489059422184123, "White Female": 1.0962517714087627}