{"Black Male": 1.2149333804208324, "Black Female": 2.1339828679502744, "East Asian Male": 0.814588117550741, "East Asian Female": 1.1715729552242031, "Indian Male": 0.730446967788792, "Indian Female": 0.8295252957942125, "Latino_Hispanic Male": 1.050557814739505, "Latino_Hispanic Female": 0.5873404752935685, "Middle Eastern Male": 0.7043776444684139, "Middle Eastern Female": 0.6792387235569057, "Southeast Asian Male": 0.9769080858348149, "Southeast Asian Female": 1.069821991316272, "White Male": 1.56687500061586, "White Female": 1.3797277779312558}