{"Black Male": 1.6571963422273548, "Black Female": 1.0898703151543645, "East Asian Male": 1.343923025986231, "East Asian Female": 0.7632653602524103, "Indian Male": 1.067271387899288, "Indian Female": 0.7019007791929175, "Latino_Hispanic Male": 1.431114118674243, "Latino_Hispanic Female": 0.575209608424618, "Middle Eastern Male": 0.9611143934064553, "Middle Eastern Female": 0.6125280807726764, "Southeast Asian Male": 1.5400120398155595, "Southeast Asian Female": 0.7243119662862295, "White Male": 1.4768085632684909, "White Female": 0.9025581866960386}