{"Black Male": 0.645341603901256, "Black Female": 0.5679191487293539, "East Asian Male": 0.8356079404128574, "East Asian Female": 0.878458365409408, "Indian Male": 0.9708640774725623, "Indian Female": 0.8149730470463097, "Latino_Hispanic Male": 1.9337165603965765, "Latino_Hispanic Female": 1.565640174525012, "Middle Eastern Male": 0.7970590988158183, "Middle Eastern Female": 1.7399725092946734, "Southeast Asian Male": 1.0759752257201773, "Southeast Asian Female": 1.0037776357861359, "White Male": 1.2397621553523601, "White Female": 0.8356079404128574}