{"Black Male": 1.3011928105659574, "Black Female": 2.637293287146919, "East Asian Male": 1.1274284146613724, "East Asian Female": 0.8639266245330522, "Indian Male": 0.8551262502544036, "Indian Female": 0.8908748897776648, "Latino_Hispanic Male": 0.9669180720144497, "Latino_Hispanic Female": 0.7039542900599546, "Middle Eastern Male": 0.7185180784863784, "Middle Eastern Female": 0.7878749254879931, "Southeast Asian Male": 1.5968865146104618, "Southeast Asian Female": 0.7640423282117037, "White Male": 0.918663746085305, "White Female": 0.9093057930228609}