{"Black Male": 1.9918101188586692, "Black Female": 1.79117246174252, "East Asian Male": 0.7777506381924, "East Asian Female": 0.7431538295573938, "Indian Male": 0.7777506381924, "Indian Female": 0.8390280294164075, "Latino_Hispanic Male": 1.4052121774595272, "Latino_Hispanic Female": 0.6582349993360319, "Middle Eastern Male": 0.7319669994194604, "Middle Eastern Female": 0.710095996410097, "Southeast Asian Male": 0.9051333416871237, "Southeast Asian Female": 1.302584215899268, "White Male": 1.1363728344881618, "White Female": 1.1537402976154114}