{"Black Male": 1.427569591572862, "Black Female": 2.2695162267208686, "East Asian Male": 1.3948595762009386, "East Asian Female": 0.8090226563605244, "Indian Male": 0.7546755561528704, "Indian Female": 0.8876216463009057, "Latino_Hispanic Male": 0.8876216463009057, "Latino_Hispanic Female": 0.6342482565569915, "Middle Eastern Male": 0.7997003460295805, "Middle Eastern Female": 0.6799229220136931, "Southeast Asian Male": 1.1859404632722828, "Southeast Asian Female": 0.8279945614736272, "White Male": 1.4610466698978501, "White Female": 0.9297399341009813}