{"Black Male": 0.4835123942841688, "Black Female": 0.5110075630951643, "East Asian Male": 1.0170431003338956, "East Asian Female": 0.8615494465728903, "Indian Male": 1.1678542609586193, "Indian Female": 0.8966599683018025, "Latino_Hispanic Male": 1.8346349782366873, "Latino_Hispanic Female": 1.5493733817181854, "Middle Eastern Male": 1.153588544714229, "Middle Eastern Female": 1.0423529204120012, "Southeast Asian Male": 1.2191879215870938, "Southeast Asian Female": 1.129041573692954, "White Male": 0.9161546324228488, "White Female": 1.023312349486842}