{"Black Male": 0.6721440746203066, "Black Female": 0.7776437751287976, "East Asian Male": 0.6638555352082238, "East Asian Female": 0.7824833347267516, "Indian Male": 0.987449690172364, "Indian Female": 0.7196158817186952, "Latino_Hispanic Male": 1.673164758119201, "Latino_Hispanic Female": 1.7152060337597193, "Middle Eastern Male": 0.9194527463137394, "Middle Eastern Female": 1.7474287882179602, "Southeast Asian Male": 1.3176632408372717, "Southeast Asian Female": 1.3176632408372717, "White Male": 0.8351534191332743, "White Female": 0.7752352314491224}