{"Black Male": 0.6137921335999794, "Black Female": 0.6673812633461877, "East Asian Male": 0.6598068568507154, "East Asian Female": 0.8513875481814945, "Indian Male": 0.867739304798103, "Indian Female": 0.7092712084689949, "Latino_Hispanic Male": 2.2124754312770327, "Latino_Hispanic Female": 1.541348787364965, "Middle Eastern Male": 1.167551604456461, "Middle Eastern Female": 1.2128302925476515, "Southeast Asian Male": 1.2314296776956364, "Southeast Asian Female": 0.9913410658091903, "White Male": 1.145550158206605, "White Female": 1.045578460511964}