{"Black Male": 0.6135204939887422, "Black Female": 0.6193580234955164, "East Asian Male": 0.7362044299337506, "East Asian Female": 0.6906177632004923, "Indian Male": 1.0525739318956615, "Indian Female": 0.8834211211598487, "Latino_Hispanic Male": 1.7594066869073821, "Latino_Hispanic Female": 1.3528168084742598, "Middle Eastern Male": 0.9328584859932167, "Middle Eastern Female": 1.4942465903795439, "Southeast Asian Male": 1.4353021179032175, "Southeast Asian Female": 1.5816064781993677, "White Male": 0.8834211211598487, "White Female": 0.8366037175299909}