{"Black Male": 2.059454162379354, "Black Female": 1.554265522634425, "East Asian Male": 0.6920266628389011, "East Asian Female": 1.2808380127206815, "Indian Male": 0.869825624331161, "Indian Female": 0.9169586344844178, "Latino_Hispanic Male": 1.1127068193687881, "Latino_Hispanic Female": 0.5222709990066465, "Middle Eastern Male": 0.8546592850229029, "Middle Eastern Female": 0.6118550536139735, "Southeast Asian Male": 1.1525482464133492, "Southeast Asian Female": 1.0371080863604618, "White Male": 1.0742426355883479, "White Female": 1.1324523360546654}