{"Black Male": 0.8295861975899047, "Black Female": 0.6035895224389654, "East Asian Male": 0.9069570112510646, "East Asian Female": 0.968244795508038, "Indian Male": 1.0712077693610083, "Indian Female": 0.7934122936422391, "Latino_Hispanic Male": 2.05995817054567, "Latino_Hispanic Female": 2.0356121937586407, "Middle Eastern Male": 1.0712077693610083, "Middle Eastern Female": 1.3150481017453568, "Southeast Asian Male": 0.867409371831591, "Southeast Asian Female": 0.962506103743544, "White Male": 0.7817083085654374, "White Female": 0.6940825859367871}