{"Black Male": 0.5071163254877967, "Black Female": 0.5109129332158778, "East Asian Male": 0.955979287740423, "East Asian Female": 0.9039693352568725, "Indian Male": 1.4194876774153058, "Indian Female": 0.9039693352568725, "Latino_Hispanic Male": 1.6663900956281215, "Latino_Hispanic Female": 1.2645103997019362, "Middle Eastern Male": 1.0811775240990125, "Middle Eastern Female": 1.4354583095332176, "Southeast Asian Male": 1.126453280570838, "Southeast Asian Female": 1.3523096491205537, "White Male": 0.8082842743824356, "White Female": 0.8644061952653149}