{"Black Male": 2.2823800154777847, "Black Female": 1.2624194640293465, "East Asian Male": 1.3038628606451181, "East Asian Female": 0.7860610236879823, "Indian Male": 0.9238414168774736, "Indian Female": 0.7860610236879823, "Latino_Hispanic Male": 1.2355249686655831, "Latino_Hispanic Female": 0.6005571195185837, "Middle Eastern Male": 0.7134631767172511, "Middle Eastern Female": 0.607058294647146, "Southeast Asian Male": 1.2624194640293465, "Southeast Asian Female": 0.9238414168774736, "White Male": 1.0857718902457096, "White Female": 1.1458268175291015}