{"Black Male": 0.7071067811865476, "Black Female": 1.4142135623730951, "East Asian Male": 0.7071067811865476, "East Asian Female": 1.4142135623730951, "Indian Male": 0.7071067811865476, "Indian Female": 1.4142135623730951, "Latino_Hispanic Male": 0.7071067811865476, "Latino_Hispanic Female": 1.4142135623730951, "Middle Eastern Male": 0.7071067811865476, "Middle Eastern Female": 1.4142135623730951, "Southeast Asian Male": 0.7071067811865476, "Southeast Asian Female": 1.4142135623730951, "White Male": 0.7071067811865476, "White Female": 1.4142135623730951}