{"Black Male": 0.49470961357849785, "Black Female": 0.624250692230707, "East Asian Male": 0.8688436327725606, "East Asian Female": 0.95282069829032, "Indian Male": 1.1771647749224408, "Indian Female": 1.0775495823097476, "Latino_Hispanic Male": 0.6925279208491912, "Latino_Hispanic Female": 0.7968496940697917, "Middle Eastern Male": 1.5318013945839462, "Middle Eastern Female": 1.5857274551580411, "Southeast Asian Male": 1.5288598586268083, "Southeast Asian Female": 1.4404209210341261, "White Male": 0.9382810016947505, "White Female": 1.1133419297550635}