{"Black Male": 1.0010346406973571, "Black Female": 2.4920743700024377, "East Asian Male": 0.7769946442933728, "East Asian Female": 1.0918778315275526, "Indian Male": 0.6674202457967852, "Indian Female": 1.3965657421433288, "Latino_Hispanic Male": 0.7658267551770687, "Latino_Hispanic Female": 0.9938145740452126, "Middle Eastern Male": 0.6674202457967852, "Middle Eastern Female": 0.95848790155195, "Southeast Asian Male": 0.817380441376796, "Southeast Asian Female": 1.289674722001985, "White Male": 0.7493751707569319, "White Female": 1.317987899955427}