{"Black Male": 0.7992209285083174, "Black Female": 2.208172019714315, "East Asian Male": 0.8648637740094616, "East Asian Female": 1.140067883916502, "Indian Male": 0.6961059489665281, "Indian Female": 1.4590104241626094, "Latino_Hispanic Male": 0.7913739321958243, "Latino_Hispanic Female": 1.002823070021949, "Middle Eastern Male": 0.62450966604246, "Middle Eastern Female": 0.9929770454099154, "Southeast Asian Male": 0.745883665777172, "Southeast Asian Female": 1.140067883916502, "White Male": 0.8071457329828212, "White Female": 1.6751353262154416}