{"Black Male": 0.5071497863588327, "Black Female": 0.6770836974851672, "East Asian Male": 1.0282458715809062, "East Asian Female": 0.8520054968532268, "Indian Male": 1.110103966240943, "Indian Female": 0.6986367928264098, "Latino_Hispanic Male": 1.321203589327602, "Latino_Hispanic Female": 1.0909454749982608, "Middle Eastern Male": 1.372786769077445, "Middle Eastern Female": 2.2664629580865836, "Southeast Asian Male": 1.0871536379096725, "Southeast Asian Female": 1.0909454749982608, "White Male": 0.8373013426959783, "White Female": 0.9624244777763206}