{"Black Male": 1.3970923144929304, "Black Female": 1.464052390592303, "East Asian Male": 1.1405698155405735, "East Asian Female": 0.736819433973879, "Indian Male": 0.736819433973879, "Indian Female": 0.7484076939269236, "Latino_Hispanic Male": 1.6330399850097375, "Latino_Hispanic Female": 0.6206005920580684, "Middle Eastern Male": 0.736819433973879, "Middle Eastern Female": 0.6605730806633573, "Southeast Asian Male": 1.3331947324819118, "Southeast Asian Female": 0.7966121565079155, "White Male": 1.5828598952937627, "White Female": 1.2722195779615493}