{"Black Male": 0.6179916866801975, "Black Female": 0.6955369904794079, "East Asian Male": 0.8834097605142199, "East Asian Female": 0.689953688965399, "Indian Male": 0.8150031456310066, "Indian Female": 0.9627169736340765, "Latino_Hispanic Male": 1.6082385897265192, "Latino_Hispanic Female": 1.325389417739431, "Middle Eastern Male": 1.0407220919729805, "Middle Eastern Female": 1.5867797910994856, "Southeast Asian Male": 1.3505505497407928, "Southeast Asian Female": 1.7955098290707774, "White Male": 0.8128165191729134, "White Female": 0.7011654736574836}