{"Black Male": 1.4304406267429906, "Black Female": 1.0684809119394285, "East Asian Male": 1.5547863276126679, "East Asian Female": 0.6346163970079555, "Indian Male": 0.9138820018674033, "Indian Female": 0.7981117411201971, "Latino_Hispanic Male": 1.2888985659075507, "Latino_Hispanic Female": 0.6346163970079555, "Middle Eastern Male": 0.8674901983357726, "Middle Eastern Female": 0.6150861673875988, "Southeast Asian Male": 1.7989630658165943, "Southeast Asian Female": 0.76553184513168, "White Male": 1.4605621956608574, "White Female": 1.035598563400168}